<?xml version="1.0" encoding="UTF-8"?>
<project-private xmlns="http://www.netbeans.org/ns/project-private/1">
    <editor-bookmarks xmlns="http://www.netbeans.org/ns/editor-bookmarks/2" lastBookmarkId="0"/>
    <open-files xmlns="http://www.netbeans.org/ns/projectui-open-files/2">
        <group>
            <file>file:/D:/study/dh-bach-khoa/02-2024%20-%205-2024/Parallel%20and%20Distributed%20Programming/lap_trinh/chaper_7/Yeild/src/NewClass.java</file>
            <file>file:/D:/study/dh-bach-khoa/02-2024%20-%205-2024/Parallel%20and%20Distributed%20Programming/lap_trinh/chaper_7/Yeild/src/Task.java</file>
            <file>file:/D:/study/dh-bach-khoa/02-2024%20-%205-2024/Parallel%20and%20Distributed%20Programming/lap_trinh/chaper_7/Yeild/src/Main.java</file>
        </group>
    </open-files>
</project-private>
